-- resetear tablas
DROP TABLE departamentos;
DROP TABLE empleados;
DROP TABLE locaciones;


-- crear tablas
CREATE TABLE locaciones (
	ID_LOCACION INTEGER PRIMARY KEY,
	DIRECCION VARCHAR(60) NOT NULL,
	CODIGO_POSTAL VARCHAR(15) NOT NULL,
	CIUDAD VARCHAR (25) NOT NULL,
	ESTADO_PROVINCIA VARCHAR(25),
	ID_PAIS VARCHAR(2) NOT NULL
);

CREATE TABLE empleados (
	ID_EMPLEADO INTEGER PRIMARY KEY,
	NOMBRE VARCHAR(25) NOT NULL,
	APELLIDO VARCHAR(20) NOT NULL,
	EMAIL VARCHAR(30) NOT NULL,
	TELEFONO VARCHAR(25) NOT NULL,
	FECHA_EN VARCHAR(10) NOT NULL,
	ID_TRABAJO VARCHAR(10) NOT NULL,
	SALARIO FLOAT(9,2) NOT NULL,
	COMISION FLOAT(9,2) NOT NULL,
	ID_MANAGER INTEGER,
	ID_DEPARTAMENTO INTEGER
);

CREATE TABLE departamentos (
	ID_DEPARTAMENTO INTEGER NOT NULL PRIMARY KEY,
	NOMBRE VARCHAR(30) NOT NULL,
	ID_MANAGER INTEGER,
	ID_LOCACION INTEGER NOT NULL,
	FOREIGN KEY(ID_MANAGER) REFERENCES empleados(ID_EMPLEADO),
	FOREIGN KEY (ID_LOCACION) REFERENCES locaciones(ID_LOCACION)
);


-- inserts en tabla "locaciones"
INSERT INTO locaciones VALUES(1000,"1297 Via Cola di Rie","989","Roma","","IT");
INSERT INTO locaciones VALUES(1100,"93091 Calle della Testa","10934","Venice","","IT");
INSERT INTO locaciones VALUES(1200,"2017 Shinjuku-ku","1689","Tokyo","Tokyo Prefecture","JP");
INSERT INTO locaciones VALUES(1300,"9450 Kamiya-cho","6823","Hiroshima","","JP");
INSERT INTO locaciones VALUES(1400,"2014 Jabberwocky Rd","26192","Southlake","Texas","US");
INSERT INTO locaciones VALUES(1500,"2011 Interiors Blvd","99236","South San Francisco","California","US");
INSERT INTO locaciones VALUES(1600,"2007 Zagora St","50090","South Brunswick","New Jersey","US");
INSERT INTO locaciones VALUES(1700,"2004 Charade Rd","98199","Seattle","Washington","US");
INSERT INTO locaciones VALUES(1800,"147 Spadina Ave","M5V 2L7","Toronto","Ontario","CA");
INSERT INTO locaciones VALUES(1900,"6092 Boxwood St","YSW 9T2","Whitehorse","Yukon","CA");
INSERT INTO locaciones VALUES(2000,"40-5-12 Laogianggen","190518","Beijing","","CN");
INSERT INTO locaciones VALUES(2100,"1298 Vileparle (E)","490231","Bombay","Maharashtra","IN");
INSERT INTO locaciones VALUES(2200,"12-98 Victoria Street","2901","Sydney","New South Wales","AU");
INSERT INTO locaciones VALUES(2300,"198 Clementi North","540198","Singapore","","SG");
INSERT INTO locaciones VALUES(2400,"8204 Arthur St","","London","","UK");
INSERT INTO locaciones VALUES(2500,"Magdalen Centre, The Oxford Science Park","OX9 9ZB","Oxford","Oxford","UK");
INSERT INTO locaciones VALUES(2600,"9702 Chester Road","9629850293","Stretford","Manchester","UK");
INSERT INTO locaciones VALUES(2700,"Schwanthalerstr. 7031","80925","Munich","Bavaria","DE");
INSERT INTO locaciones VALUES(2800,"Rua Frei Caneca 1360","01307-002","Sao Paulo","Sao Paulo","BR");
INSERT INTO locaciones VALUES(2900,"20 Rue des Corps-Saints","1730","Geneva","Geneve","CH");
INSERT INTO locaciones VALUES(3000,"Murtenstrasse 921","3095","Bern","BE","CH");
INSERT INTO locaciones VALUES(3100,"Pieter Breughelstraat 837","3029SK","Utrecht","Utrecht","NL");
INSERT INTO locaciones VALUES(3200,"Mariano Escobedo 9991","11932","Mexico City","Distrito Federal,","MX");


-- inserts en tabla "empleados"
INSERT INTO empleados VALUES(100,"Steven","King","SKING","515.123.4567","2003-06-17","AD_PRES",24000,0,NULL,90);
INSERT INTO empleados VALUES(101,"Neena","Kochhar","NKOCHHAR","515.123.4568","2005-09-21","AD_VP",17000,0,100,90);
INSERT INTO empleados VALUES(102,"Lex","De Haan","LDEHAAN","515.123.4569","2001-01-13","AD_VP",17000,0,100,90);
INSERT INTO empleados VALUES(103,"Alexander","Hunold","AHUNOLD","590.423.4567","2006-01-03","IT_PROG",9000,0,102,60);
INSERT INTO empleados VALUES(104,"Bruce","Ernst","BERNST","590.423.4568","2007-05-21","IT_PROG",6000,0,103,60);
INSERT INTO empleados VALUES(105,"David","Austin","DAUSTIN","590.423.4569","2005-06-25","IT_PROG",4800,0,103,60);
INSERT INTO empleados VALUES(106,"Valli","Pataballa","VPATABAL","590.423.4560","2006-02-05","IT_PROG",4800,0,103,60);
INSERT INTO empleados VALUES(107,"Diana","Lorentz","DLORENTZ","590.423.5567","2007-02-07","IT_PROG",4200,0,103,60);
INSERT INTO empleados VALUES(108,"Nancy","Greenberg","NGREENBE","515.124.4569","2002-08-17","FI_MGR",12008,0,101,100);
INSERT INTO empleados VALUES(109,"Daniel","Faviet","DFAVIET","515.124.4169","2002-08-16","FI_ACCOUNT",9000,0,108,100);
INSERT INTO empleados VALUES(110,"John","Chen","JCHEN","515.124.4269","2005-09-28","FI_ACCOUNT",8200,0,108,100);
INSERT INTO empleados VALUES(111,"Ismael","Sciarra","ISCIARRA","515.124.4369","2005-09-30","FI_ACCOUNT",7700,0,108,100);
INSERT INTO empleados VALUES(112,"Jose Manuel","Urman","JMURMAN","515.124.4469","2006-03-07","FI_ACCOUNT",7800,0,108,100);
INSERT INTO empleados VALUES(113,"Luis","Popp","LPOPP","515.124.4567","2007-12-07","FI_ACCOUNT",6900,0,108,100);
INSERT INTO empleados VALUES(114,"Den","Raphaely","DRAPHEAL","515.127.4561","2002-12-07","PU_MAN",11000,0,100,30);
INSERT INTO empleados VALUES(115,"Alexander","Khoo","AKHOO","515.127.4562","2003-05-18","PU_CLERK",3100,0,114,30);
INSERT INTO empleados VALUES(116,"Shelli","Baida","SBAIDA","515.127.4563","2005-12-24","PU_CLERK",2900,0,114,30);
INSERT INTO empleados VALUES(117,"Sigal","Tobias","STOBIAS","515.127.4564","2005-07-24","PU_CLERK",2800,0,114,30);
INSERT INTO empleados VALUES(118,"Guy","Himuro","GHIMURO","515.127.4565","2006-11-15","PU_CLERK",2600,0,114,30);
INSERT INTO empleados VALUES(119,"Karen","Colmenares","KCOLMENA","515.127.4566","2007-08-10","PU_CLERK",2500,0,114,30);
INSERT INTO empleados VALUES(120,"Matthew","Weiss","MWEISS","650.123.1234","2004-07-18","ST_MAN",8000,0,100,50);
INSERT INTO empleados VALUES(121,"Adam","Fripp","AFRIPP","650.123.2234","2005-04-10","ST_MAN",8200,0,100,50);
INSERT INTO empleados VALUES(122,"Payam","Kaufling","PKAUFLIN","650.123.3234","2003-05-01","ST_MAN",7900,0,100,50);
INSERT INTO empleados VALUES(123,"Shanta","Vollman","SVOLLMAN","650.123.4234","2005-10-10","ST_MAN",6500,0,100,50);
INSERT INTO empleados VALUES(124,"Kevin","Mourgos","KMOURGOS","650.123.5234","2007-11-16","ST_MAN",5800,0,100,50);
INSERT INTO empleados VALUES(125,"Julia","Nayer","JNAYER","650.124.1214","2005-07-16","ST_CLERK",3200,0,120,50);
INSERT INTO empleados VALUES(126,"Irene","Mikkilineni","IMIKKILI","650.124.1224","2006-09-28","ST_CLERK",2700,0,120,50);
INSERT INTO empleados VALUES(127,"James","Landry","JLANDRY","650.124.1334","2007-01-14","ST_CLERK",2400,0,120,50);
INSERT INTO empleados VALUES(128,"Steven","Markle","SMARKLE","650.124.1434","2008-03-08","ST_CLERK",2200,0,120,50);
INSERT INTO empleados VALUES(129,"Laura","Bissot","LBISSOT","650.124.5234","2005-08-20","ST_CLERK",3300,0,121,50);
INSERT INTO empleados VALUES(130,"Mozhe","Atkinson","MATKINSO","650.124.6234","2005-10-30","ST_CLERK",2800,0,121,50);
INSERT INTO empleados VALUES(131,"James","Marlow","JAMRLOW","650.124.7234","2005-02-16","ST_CLERK",2500,0,121,50);
INSERT INTO empleados VALUES(132,"TJ","Olson","TJOLSON","650.124.8234","2007-04-10","ST_CLERK",2100,0,121,50);
INSERT INTO empleados VALUES(133,"Jason","Mallin","JMALLIN","650.127.1934","2004-06-14","ST_CLERK",3300,0,122,50);
INSERT INTO empleados VALUES(134,"Michael","Rogers","MROGERS","650.127.1834","2006-08-26","ST_CLERK",2900,0,122,50);
INSERT INTO empleados VALUES(135,"Ki","Gee","KGEE","650.127.1734","2007-12-12","ST_CLERK",2400,0,122,50);
INSERT INTO empleados VALUES(136,"Hazel","Philtanker","HPHILTAN","650.127.1634","2008-02-06","ST_CLERK",2200,0,122,50);
INSERT INTO empleados VALUES(137,"Renske","Ladwig","RLADWIG","650.121.1234","2003-07-14","ST_CLERK",3600,0,123,50);
INSERT INTO empleados VALUES(138,"Stephen","Stiles","SSTILES","650.121.2034","2005-10-26","ST_CLERK",3200,0,123,50);
INSERT INTO empleados VALUES(139,"John","Seo","JSEO","650.121.2019","2006-02-12","ST_CLERK",2700,0,123,50);
INSERT INTO empleados VALUES(140,"Joshua","Patel","JPATEL","650.121.1834","2006-04-06","ST_CLERK",2500,0,123,50);
INSERT INTO empleados VALUES(141,"Trenna","Rajs","TRAJS","650.121.8009","2003-10-17","ST_CLERK",3500,0,124,50);
INSERT INTO empleados VALUES(142,"Curtis","Davies","CDAVIES","650.121.2994","2005-01-29","ST_CLERK",3100,0,124,50);
INSERT INTO empleados VALUES(143,"Randall","Matos","RMATOS","650.121.2874","2006-03-15","ST_CLERK",2600,0,124,50);
INSERT INTO empleados VALUES(144,"Peter","Vargas","PVARGAS","650.121.2004","2006-07-09","ST_CLERK",2500,0,124,50);
INSERT INTO empleados VALUES(145,"John","Russell","JRUSSEL","011.44.1344.429268","2004-10-01","SA_MAN",14000,0.4,100,80);
INSERT INTO empleados VALUES(146,"Karen","Partners","KPARTNER","011.44.1344.467268","2005-01-05","SA_MAN",13500,0.3,100,80);
INSERT INTO empleados VALUES(147,"Alberto","Errazuriz","AERRAZUR","011.44.1344.429278","2005-03-10","SA_MAN",12000,0.3,100,80);
INSERT INTO empleados VALUES(148,"Gerald","Cambrault","GCAMBRAU","011.44.1344.619268","2007-10-15","SA_MAN",11000,0.3,100,80);
INSERT INTO empleados VALUES(149,"Eleni","Zlotkey","EZLOTKEY","011.44.1344.429018","2008-01-29","SA_MAN",10500,0.2,100,80);
INSERT INTO empleados VALUES(150,"Peter","Tucker","PTUCKER","011.44.1344.129268","2005-01-30","SA_REP",10000,0.3,145,80);
INSERT INTO empleados VALUES(151,"David","Bernstein","DBERNSTE","011.44.1344.345268","2005-03-24","SA_REP",9500,0.25,145,80);
INSERT INTO empleados VALUES(152,"Peter","Hall","PHALL","011.44.1344.478968","2005-08-20","SA_REP",9000,0.25,145,80);
INSERT INTO empleados VALUES(153,"Christopher","Olsen","COLSEN","011.44.1344.498718","2006-03-30","SA_REP",8000,0.2,145,80);
INSERT INTO empleados VALUES(154,"Nanette","Cambrault","NCAMBRAU","011.44.1344.987668","2006-12-09","SA_REP",7500,0.2,145,80);
INSERT INTO empleados VALUES(155,"Oliver","Tuvault","OTUVAULT","011.44.1344.486508","2007-11-23","SA_REP",7000,0.15,145,80);
INSERT INTO empleados VALUES(156,"Janette","King","JKING","011.44.1345.429268","2004-01-30","SA_REP",10000,0.35,146,80);
INSERT INTO empleados VALUES(157,"Patrick","Sully","PSULLY","011.44.1345.929268","2004-03-04","SA_REP",9500,0.35,146,80);
INSERT INTO empleados VALUES(158,"Allan","McEwen","AMCEWEN","011.44.1345.829268","2004-08-01","SA_REP",9000,0.35,146,80);
INSERT INTO empleados VALUES(159,"Lindsey","Smith","LSMITH","011.44.1345.729268","2005-03-10","SA_REP",8000,0.3,146,80);
INSERT INTO empleados VALUES(160,"Louise","Doran","LDORAN","011.44.1345.629268","2005-12-15","SA_REP",7500,0.3,146,80);
INSERT INTO empleados VALUES(161,"Sarath","Sewall","SSEWALL","011.44.1345.529268","2006-11-03","SA_REP",7000,0.25,146,80);
INSERT INTO empleados VALUES(162,"Clara","Vishney","CVISHNEY","011.44.1346.129268","2005-11-11","SA_REP",10500,0.25,147,80);
INSERT INTO empleados VALUES(163,"Danielle","Greene","DGREENE","011.44.1346.229268","2007-03-19","SA_REP",9500,0.15,147,80);
INSERT INTO empleados VALUES(164,"Mattea","Marvins","MMARVINS","011.44.1346.329268","2008-01-24","SA_REP",7200,0.1,147,80);
INSERT INTO empleados VALUES(165,"David","Lee","DLEE","011.44.1346.529268","2008-02-23","SA_REP",6800,0.1,147,80);
INSERT INTO empleados VALUES(166,"Sundar","Ande","SANDE","011.44.1346.629268","2008-03-24","SA_REP",6400,0.1,147,80);
INSERT INTO empleados VALUES(167,"Amit","Banda","ABANDA","011.44.1346.729268","2008-04-21","SA_REP",6200,0.1,147,80);
INSERT INTO empleados VALUES(168,"Lisa","Ozer","LOZER","011.44.1343.929268","2005-03-11","SA_REP",11500,0.25,148,80);
INSERT INTO empleados VALUES(169,"Harrison","Bloom","HBLOOM","011.44.1343.829268","2006-03-23","SA_REP",10000,0.2,148,80);
INSERT INTO empleados VALUES(170,"Tayler","Fox","TFOX","011.44.1343.729268","2006-01-24","SA_REP",9600,0.2,148,80);
INSERT INTO empleados VALUES(171,"William","Smith","WSMITH","011.44.1343.629268","2007-02-23","SA_REP",7400,0.15,148,80);
INSERT INTO empleados VALUES(172,"Elizabeth","Bates","EBATES","011.44.1343.529268","2007-03-24","SA_REP",7300,0.15,148,80);
INSERT INTO empleados VALUES(173,"Sundita","Kumar","SKUMAR","011.44.1343.329268","2008-04-21","SA_REP",6100,0.1,148,80);
INSERT INTO empleados VALUES(174,"Ellen","Abel","EABEL","011.44.1644.429267","2004-05-11","SA_REP",11000,0.3,149,80);
INSERT INTO empleados VALUES(175,"Alyssa","Hutton","AHUTTON","011.44.1644.429266","2005-03-19","SA_REP",8800,0.25,149,80);
INSERT INTO empleados VALUES(176,"Jonathon","Taylor","JTAYLOR","011.44.1644.429265","2006-03-24","SA_REP",8600,0.2,149,80);
INSERT INTO empleados VALUES(177,"Jack","Livingston","JLIVINGS","011.44.1644.429264","2006-04-23","SA_REP",8400,0.2,149,80);
INSERT INTO empleados VALUES(178,"Kimberely","Grant","KGRANT","011.44.1644.429263","2007-05-24","SA_REP",7000,0.15,149,NULL);
INSERT INTO empleados VALUES(179,"Charles","Johnson","CJOHNSON","011.44.1644.429262","2008-01-04","SA_REP",6200,0.1,149,80);
INSERT INTO empleados VALUES(180,"Winston","Taylor","WTAYLOR","650.507.9876","2006-01-24","SH_CLERK",3200,0,120,50);
INSERT INTO empleados VALUES(181,"Jean","Fleaur","JFLEAUR","650.507.9877","2006-02-23","SH_CLERK",3100,0,120,50);
INSERT INTO empleados VALUES(182,"Martha","Sullivan","MSULLIVA","650.507.9878","2007-06-21","SH_CLERK",2500,0,120,50);
INSERT INTO empleados VALUES(183,"Girard","Geoni","GGEONI","650.507.9879","2008-02-03","SH_CLERK",2800,0,120,50);
INSERT INTO empleados VALUES(184,"Nandita","Sarchand","NSARCHAN","650.509.1876","2004-01-27","SH_CLERK",4200,0,121,50);
INSERT INTO empleados VALUES(185,"Alexis","Bull","ABULL","650.509.2876","2005-02-20","SH_CLERK",4100,0,121,50);
INSERT INTO empleados VALUES(186,"Julia","Dellinger","JDELLING","650.509.3876","2006-06-24","SH_CLERK",3400,0,121,50);
INSERT INTO empleados VALUES(187,"Anthony","Cabrio","ACABRIO","650.509.4876","2007-02-07","SH_CLERK",3000,0,121,50);
INSERT INTO empleados VALUES(188,"Kelly","Chung","KCHUNG","650.505.1876","2005-06-14","SH_CLERK",3800,0,122,50);
INSERT INTO empleados VALUES(189,"Jennifer","Dilly","JDILLY","650.505.2876","2005-08-13","SH_CLERK",3600,0,122,50);
INSERT INTO empleados VALUES(190,"Timothy","Gates","TGATES","650.505.3876","2006-07-11","SH_CLERK",2900,0,122,50);
INSERT INTO empleados VALUES(191,"Randall","Perkins","RPERKINS","650.505.4876","2007-12-19","SH_CLERK",2500,0,122,50);
INSERT INTO empleados VALUES(192,"Sarah","Bell","SBELL","650.501.1876","2004-02-04","SH_CLERK",4000,0,123,50);
INSERT INTO empleados VALUES(193,"Britney","Everett","BEVERETT","650.501.2876","2005-03-03","SH_CLERK",3900,0,123,50);
INSERT INTO empleados VALUES(194,"Samuel","McCain","SMCCAIN","650.501.3876","2006-07-01","SH_CLERK",3200,0,123,50);
INSERT INTO empleados VALUES(195,"Vance","Jones","VJONES","650.501.4876","2007-03-17","SH_CLERK",2800,0,123,50);
INSERT INTO empleados VALUES(196,"Alana","Walsh","AWALSH","650.507.9811","2006-04-24","SH_CLERK",3100,0,124,50);
INSERT INTO empleados VALUES(197,"Kevin","Feeney","KFEENEY","650.507.9822","2006-05-23","SH_CLERK",3000,0,124,50);
INSERT INTO empleados VALUES(198,"Donald","OConnell","DOCONNEL","650.507.9833","2007-06-21","SH_CLERK",2600,0,124,50);
INSERT INTO empleados VALUES(199,"Douglas","Grant","DGRANT","650.507.9844","2008-01-13","SH_CLERK",2600,0,124,50);
INSERT INTO empleados VALUES(200,"Jennifer","Whalen","JWHALEN","515.123.4444","2003-09-17","AD_ASST",4400,0,101,10);
INSERT INTO empleados VALUES(201,"Michael","Hartstein","MHARTSTE","515.123.5555","2004-02-17","MK_MAN",13000,0,100,20);
INSERT INTO empleados VALUES(202,"Pat","Fay","PFAY","603.123.6666","2005-08-17","MK_REP",6000,0,201,20);
INSERT INTO empleados VALUES(203,"Susan","Mavris","SMAVRIS","515.123.7777","2002-06-07","HR_REP",6500,0,101,40);
INSERT INTO empleados VALUES(204,"Hermann","Baer","HBAER","515.123.8888","2002-06-07","PR_REP",10000,0,101,70);
INSERT INTO empleados VALUES(205,"Shelley","Higgins","SHIGGINS","515.123.8080","2002-06-07","AC_MGR",12008,0,101,110);
INSERT INTO empleados VALUES(206,"William","Gietz","WGIETZ","515.123.8181","2002-06-07","AC_ACCOUNT",8300,0,205,110);


-- inserts en tabla "departamentos"
INSERT INTO departamentos VALUES(10,"Administration",200,1700);
INSERT INTO departamentos VALUES(20,"Marketing",201,1800);
INSERT INTO departamentos VALUES(30,"Purchasing",114,1700);
INSERT INTO departamentos VALUES(40,"Human Resources",203,2400);
INSERT INTO departamentos VALUES(50,"Shipping",121,1500);
INSERT INTO departamentos VALUES(60,"IT",103,1400);
INSERT INTO departamentos VALUES(70,"Public Relations",204,2700);
INSERT INTO departamentos VALUES(80,"Sales",145,2500);
INSERT INTO departamentos VALUES(90,"Executive",100,1700);
INSERT INTO departamentos VALUES(100,"Finance",108,1700);
INSERT INTO departamentos VALUES(110,"Accounting",205,1700);
INSERT INTO departamentos VALUES(120,"Treasury",NULL,1700);
INSERT INTO departamentos VALUES(130,"Corporate Tax",NULL,1700);
INSERT INTO departamentos VALUES(140,"Control And Credit",NULL,1700);
INSERT INTO departamentos VALUES(150,"Shareholder Services",NULL,1700);
INSERT INTO departamentos VALUES(160,"Benefits",NULL,1700);
INSERT INTO departamentos VALUES(170,"Manufacturing",NULL,1700);
INSERT INTO departamentos VALUES(180,"Construction",NULL,1700);
INSERT INTO departamentos VALUES(190,"Contracting",NULL,1700);
INSERT INTO departamentos VALUES(200,"Operations",NULL,1700);
INSERT INTO departamentos VALUES(210,"IT Support",NULL,1700);
INSERT INTO departamentos VALUES(220,"NOC",NULL,1700);
INSERT INTO departamentos VALUES(230,"IT Helpdesk",NULL,1700);
INSERT INTO departamentos VALUES(240,"Government Sales",NULL,1700);
INSERT INTO departamentos VALUES(250,"Retail Sales",NULL,1700);
INSERT INTO departamentos VALUES(260,"Recruiting",NULL,1700);
INSERT INTO departamentos VALUES(270,"Payroll",NULL,1700);

-- CONSIGNAS

-- 1- obtener todas las locaciones de los estados unidos (ID de pais “US”)
SELECT * FROM locaciones WHERE ID_PAIS = "US"
ORDER BY ID_LOCACION;

-- 2- obtener todos los departamentos de los estado unidos
SELECT * FROM departamentos d
JOIN 
	(SELECT * FROM locaciones WHERE ID_PAIS = "US"
	ORDER BY ID_LOCACION) locaciones_US
ON d.ID_LOCACION = locaciones_US.ID_LOCACION
ORDER BY d.ID_DEPARTAMENTO;


-- 3- obtener todos los managers que reporten a un departamento de los estados unidos.

SELECT * FROM empleados e
JOIN 
	(SELECT d.ID_DEPARTAMENTO, d.NOMBRE, d.ID_MANAGER,
		 locaciones_US.ID_LOCACION, locaciones_US.DIRECCION, locaciones_US.CODIGO_POSTAL,
		 locaciones_US.CIUDAD, locaciones_US.ESTADO_PROVINCIA, ID_PAIS
	FROM departamentos d
	JOIN 
		(SELECT * FROM locaciones WHERE ID_PAIS = "US"
		ORDER BY ID_LOCACION) locaciones_US
	ON d.ID_LOCACION = locaciones_US.ID_LOCACION
	ORDER BY d.ID_DEPARTAMENTO) departamentos_US
ON e.ID_EMPLEADO = departamentos_US.ID_MANAGER;

-- 4- obtener todos los usuarios (empleados) que reporten a un manager que reporte a un departamento de los estados unidos.

SELECT * FROM empleados emp
JOIN (
	SELECT e.ID_EMPLEADO AS ID_MANAGER, e.NOMBRE AS NOMBRE_MANAGER, e.APELLIDO AS APELLIDO_MANAGER,
			departamentos_US.ID_DEPARTAMENTO, departamentos_US.NOMBRE AS NOMBRE_DEPARTAMENTO, departamentos_US.ID_LOCACION,
			departamentos_US.DIRECCION AS DIRECCION_DEPARTAMENTO, departamentos_US.CODIGO_POSTAL AS CODIGO_POSTAL_DEPARTAMENTO, departamentos_US.CIUDAD AS CIUDAD_DEPARTAMENTO,
			departamentos_US.ESTADO_PROVINCIA AS ESTADO_PROVINCIA_DEPARTAMENTO, departamentos_US.ID_PAIS AS ID_PAIS_DEPARTAMENTO
	FROM empleados e
	JOIN 
		(SELECT d.ID_DEPARTAMENTO, d.NOMBRE, d.ID_MANAGER,
			 locaciones_US.ID_LOCACION, locaciones_US.DIRECCION, locaciones_US.CODIGO_POSTAL,
			 locaciones_US.CIUDAD, locaciones_US.ESTADO_PROVINCIA, ID_PAIS
		FROM departamentos d
		JOIN 
			(SELECT * FROM locaciones WHERE ID_PAIS = "US"
			ORDER BY ID_LOCACION) locaciones_US
		ON d.ID_LOCACION = locaciones_US.ID_LOCACION
		ORDER BY d.ID_DEPARTAMENTO) departamentos_US
	ON e.ID_EMPLEADO = departamentos_US.ID_MANAGER) managers_US
ON emp.ID_MANAGER = managers_US.ID_MANAGER